,category,precision_@0.5IOU,recall_@0.5IOU
0,head,0.969147005444646,0.185789392299366
1,helmet,0.9679458903102485,0.530715898097388
