,category,precision_@0.5IOU,recall_@0.5IOU
0,head,0.9140625,0.3349236641221374
1,helmet,0.9618563254926892,0.498846027035938
