,category,precision_@0.5IOU,recall_@0.5IOU
0,head,0.9006024096385542,0.325
1,helmet,0.9586983729662077,0.4905539545308998
